{"cameraMode":{"drawMode":0,"name":"Shaded","section":"Shading Mode"},"sceneLighting":true,"audioPlay":false,"sceneViewState":{"showFog":false,"showMaterialUpdate":false,"showSkybox":false,"showFlares":false,"showImageEffects":false,"showParticleSystems":false},"in2DMode":false,"pivot":{"x":-3.080571174621582,"y":-0.7922272682189941,"z":0.515250563621521},"rotation":{"x":-0.11636137962341309,"y":0.6637893319129944,"z":-0.10563075542449951,"w":-0.7312222123146057},"size":11.411661148071289,"orthographic":false}